"","cluster","neighbor","sil_width"
"1890",1,2,0.35567163178323
"588",1,2,0.342446276358541
"2026",1,2,0.333291140604634
"2032",1,2,0.329717838216347
"1879",1,2,0.325892383908505
"558",1,2,0.323863242121938
"1205",1,2,0.323463957435153
"534",1,2,0.323407853365886
"2030",1,2,0.322662694222522
"1832",1,2,0.32139420267614
"733",1,2,0.320675683272126
"2031",1,2,0.318249354406023
"2041",1,2,0.317176770771242
"1881",1,2,0.313539569339237
"1977",1,2,0.313274469598412
"1322",1,2,0.312573398210995
"1209",1,2,0.312513406952914
"2023",1,2,0.311991051565885
"1041",1,2,0.311594673628172
"750",1,2,0.311374901443635
"549",1,2,0.310977143821675
"1990",1,2,0.309710712669992
"1892",1,2,0.309688167473672
"748",1,2,0.309309998650225
"1920",1,2,0.307765467420634
"671",1,2,0.307292522752011
"1851",1,2,0.306518163271795
"627",1,2,0.305791113387776
"532",1,2,0.305545831588024
"2028",1,2,0.305273228304775
"513",1,2,0.304120075227904
"1864",1,2,0.303793207611125
"2017",1,2,0.303545338109552
"2011",1,2,0.303427162771477
"1239",1,2,0.30323746888393
"2029",1,2,0.301986144687736
"1211",1,2,0.301493124977764
"2020",1,2,0.300328859252239
"591",1,2,0.299935582229472
"1178",1,2,0.299559835417867
"1928",1,2,0.298392616081519
"567",1,2,0.297172823145517
"556",1,2,0.295923914367747
"569",1,2,0.295817411749614
"1998",1,2,0.294768960045536
"2010",1,2,0.29346146709358
"1863",1,2,0.293428281211713
"2018",1,2,0.29325037403088
"1936",1,2,0.291774879199301
"874",1,2,0.291578866594867
"1222",1,2,0.291496463116504
"1995",1,2,0.29027250388702
"1929",1,2,0.289921936054668
"1979",1,2,0.28918851468445
"2037",1,2,0.287283325547384
"1135",1,2,0.286469809302541
"1917",1,2,0.286108865663829
"751",1,2,0.285873558246977
"793",1,2,0.285181430067062
"2005",1,2,0.284837146642022
"320",1,2,0.284555525746839
"1840",1,2,0.281550953759499
"1886",1,2,0.281141812937214
"2019",1,2,0.280877761085288
"1993",1,2,0.280698894447657
"285",1,2,0.280587008188866
"1991",1,2,0.280082667390487
"496",1,2,0.279272341070251
"1220",1,2,0.279120275866155
"1006",1,2,0.278644108836934
"411",1,2,0.277834919007846
"642",1,2,0.277574634853389
"1857",1,2,0.277200080334747
"1984",1,2,0.277022516602482
"799",1,2,0.276916439010644
"2025",1,2,0.276069606378263
"2038",1,2,0.27487722797198
"1050",1,2,0.272629286655709
"1801",1,2,0.27150328288836
"1982",1,2,0.271148454836797
"317",1,2,0.27108344124134
"1974",1,2,0.27068422899378
"520",1,2,0.269954545608361
"1978",1,2,0.269385494105178
"1138",1,2,0.268387048426824
"1985",1,2,0.267655380249577
"1996",1,2,0.266752887008445
"2015",1,2,0.264625411816242
"1215",1,2,0.26420475620193
"1085",1,2,0.263002985069049
"1878",1,2,0.262711560570387
"1846",1,2,0.260571953848331
"1596",1,2,0.260521130978622
"1031",1,2,0.259681730943417
"275",1,2,0.259524097304689
"1889",1,2,0.258978738670493
"533",1,2,0.258701347909437
"498",1,2,0.25844204988479
"581",1,2,0.256918805943988
"1213",1,2,0.256602685222461
"10",1,2,0.255612591330398
"1363",1,2,0.254660787803272
"677",1,2,0.253154123237505
"1839",1,2,0.25275308743352
"316",1,2,0.252379068732485
"1992",1,2,0.252117599640044
"680",1,2,0.251991849675492
"1352",1,2,0.251313609820096
"1261",1,2,0.250627442197802
"1741",1,2,0.250532495432135
"1084",1,2,0.250439904631059
"1180",1,2,0.24979090062763
"1916",1,2,0.249134914556517
"1262",1,2,0.248830837910321
"9",1,2,0.248709422959386
"1177",1,2,0.248219203248435
"1930",1,2,0.247900672347572
"798",1,2,0.247453778747227
"2007",1,2,0.247317749473408
"2039",1,2,0.247226635305834
"544",1,2,0.247075612731943
"1376",1,2,0.246870844087392
"1141",1,2,0.244440585359229
"1963",1,2,0.244440360195334
"1869",1,2,0.243840484846179
"682",1,2,0.243782934825198
"2000",1,2,0.243675958720634
"2034",1,2,0.243359019553882
"797",1,2,0.243203883364554
"576",1,2,0.24313866476719
"1450",1,2,0.242940222633524
"1877",1,2,0.242395874488649
"1999",1,2,0.241825753735573
"1208",1,2,0.241751360140877
"327",1,2,0.241580905428489
"1022",1,2,0.241343633425353
"545",1,2,0.239891336754296
"1876",1,2,0.239525162375306
"459",1,2,0.239414770343515
"1848",1,2,0.239355964833014
"688",1,2,0.239215211425977
"1154",1,2,0.238554450114849
"749",1,2,0.238250427524878
"1789",1,2,0.237569882875312
"1859",1,2,0.236760650059947
"8",1,2,0.236223351528031
"1932",1,2,0.236135460231815
"1073",1,2,0.235807075292404
"2002",1,2,0.235450594685888
"268",1,2,0.235337463745357
"636",1,2,0.234627349545638
"1",1,2,0.232612563271127
"1964",1,2,0.232150896014335
"1966",1,2,0.23203733416239
"1854",1,2,0.231959658097218
"21",1,2,0.231666099645256
"1351",1,2,0.231262806130911
"1203",1,2,0.231132689061825
"1078",1,2,0.230938626139113
"1072",1,2,0.230028506831437
"1189",1,2,0.229967170310285
"542",1,2,0.229571890705453
"1898",1,2,0.229253381759074
"1511",1,2,0.228751716632078
"1867",1,2,0.227920266089913
"1905",1,2,0.227694132250793
"1880",1,2,0.227515880846882
"702",1,2,0.227444060715554
"304",1,2,0.227261979067458
"1140",1,2,0.226702546149707
"440",1,2,0.226511512892816
"1360",1,2,0.223935412718572
"3",1,2,0.223913057072663
"873",1,2,0.223777232106871
"420",1,2,0.223333064984696
"1772",1,2,0.223154445959412
"2016",1,2,0.223145275719212
"1771",1,2,0.222762491166609
"1139",1,2,0.222341969156009
"1038",1,2,0.221725379382498
"260",1,2,0.221396563177349
"1816",1,2,0.219430165593893
"18",1,2,0.218826276436434
"1981",1,2,0.217662221978505
"571",1,2,0.217581724368883
"456",1,2,0.217549160650422
"526",1,2,0.216539266700693
"1843",1,2,0.216533014057058
"1927",1,2,0.215608287141818
"1069",1,2,0.214106270284909
"1353",1,2,0.214062092200549
"1756",1,2,0.213456857124573
"580",1,2,0.2127978403682
"1775",1,2,0.212282986290286
"319",1,2,0.211626494055886
"1074",1,2,0.211051513866791
"288",1,2,0.209679064810715
"1027",1,2,0.208928429050105
"657",1,2,0.208664371085701
"458",1,2,0.205952654493196
"1940",1,2,0.20451352477523
"1737",1,2,0.204008147912008
"690",1,2,0.203723791395309
"1788",1,2,0.202868027627219
"1153",1,2,0.202369080749456
"2006",1,2,0.202197613264667
"1008",1,2,0.2020299577099
"470",1,2,0.20097804300922
"11",1,2,0.200635082499971
"1757",1,2,0.199881355777886
"14",1,2,0.199014510234356
"1029",1,2,0.198162231085082
"1035",1,2,0.197539274022147
"1743",1,2,0.197116556942177
"678",1,2,0.19587369465817
"1903",1,2,0.194214749647983
"838",1,2,0.193004332822212
"1206",1,2,0.192950097315902
"1083",1,2,0.19282076248808
"1887",1,2,0.192565379582319
"1234",1,2,0.191771950930369
"1197",1,2,0.190491917277809
"23",1,2,0.190096018304904
"1424",1,2,0.189757639393069
"1082",1,2,0.188160812051241
"1482",1,2,0.188065837777504
"24",1,2,0.188044187787008
"553",1,2,0.187787416341688
"1466",1,2,0.187730192446757
"519",1,2,0.186261183885237
"1438",1,2,0.18409545377647
"272",1,2,0.182976823401099
"1080",1,2,0.182830757731854
"2035",1,2,0.18090305629035
"1790",1,2,0.179522771953396
"282",1,2,0.179442597014839
"37",1,2,0.179176535485636
"58",1,2,0.178712504206451
"33",1,2,0.178626805273276
"1467",1,2,0.178317830841119
"1469",1,2,0.177917293256335
"1152",1,2,0.177177356831088
"1056",1,2,0.175455764575302
"435",1,2,0.174439764269729
"634",1,2,0.17440974495825
"1777",1,2,0.173904846109227
"381",1,2,0.172696843912407
"1358",1,2,0.172330819698121
"1935",1,2,0.171325562986981
"1428",1,2,0.170008059488513
"514",1,2,0.169575835423659
"1435",1,2,0.169251837917225
"1554",1,2,0.168382977418894
"1925",1,2,0.167877963935737
"942",1,2,0.167290757966203
"12",1,2,0.166959106180914
"1218",1,2,0.164267108203737
"311",1,2,0.164033680247577
"541",1,2,0.163851478385579
"1956",1,2,0.163512822461471
"416",1,2,0.162794440945098
"1133",1,2,0.161096835540179
"434",1,2,0.160895479949774
"1919",1,2,0.160862655226824
"1437",1,2,0.160373294611019
"1009",1,2,0.160222023281004
"1950",1,2,0.15881426472522
"1030",1,2,0.156823922039424
"1505",1,2,0.15570702234334
"421",1,2,0.154862079638675
"20",1,2,0.154602842687242
"1077",1,2,0.153689144785362
"1957",1,2,0.153615601483615
"1079",1,2,0.153522578231261
"699",1,2,0.153083568561171
"1541",1,2,0.152795617083333
"1783",1,2,0.150980101068663
"1768",1,2,0.150908506243416
"31",1,2,0.150704790830669
"695",1,2,0.14842399985295
"119",1,2,0.146123072614273
"1945",1,2,0.145774986713964
"419",1,2,0.141743617836004
"1655",1,2,0.140110311518382
"810",1,2,0.139790351223676
"1470",1,2,0.139405872151438
"1217",1,2,0.139003736705107
"371",1,2,0.138319415805649
"1973",1,2,0.13791109114801
"675",1,2,0.136360505655455
"1086",1,2,0.136217451319865
"1845",1,2,0.134086013643244
"1049",1,2,0.133180412920215
"41",1,2,0.132185651459626
"1994",1,2,0.131928697755461
"35",1,2,0.131270357710305
"1150",1,2,0.131043922831777
"1785",1,2,0.129913127812217
"1946",1,2,0.129842437465829
"531",1,2,0.124380185330682
"681",1,2,0.122507631659046
"402",1,2,0.118427093790367
"306",1,2,0.117294941185365
"1413",1,2,0.116938722987538
"1402",1,2,0.115996038418601
"1769",1,2,0.11474868436838
"1792",1,2,0.113963725814091
"492",1,2,0.113391580848113
"1219",1,2,0.113195907172274
"104",1,2,0.111569252363719
"1579",1,2,0.111178937807315
"1948",1,2,0.109771657853166
"1782",1,2,0.109549196176813
"1865",1,2,0.109548666646443
"1972",1,2,0.10712765529465
"253",1,2,0.106706659873676
"1983",1,2,0.106237216489707
"1937",1,2,0.104555696955175
"427",1,2,0.103632173331787
"1671",1,2,0.102126621256666
"1429",1,2,0.101510792711428
"1043",1,2,0.101017643121234
"1483",1,2,0.100529612131847
"564",1,2,0.0993004537564954
"30",1,2,0.0976243148023808
"1944",1,2,0.0952014027769711
"1137",1,2,0.0943961990012262
"1603",1,2,0.093966121161662
"1401",1,2,0.0937092726417599
"673",1,2,0.0935707043669542
"318",1,2,0.0930190676748825
"332",1,2,0.0926395139090234
"1087",1,2,0.0911294599638333
"791",1,2,0.0909202289631471
"117",1,2,0.0893546237732507
"1799",1,2,0.0856190448577031
"1028",1,2,0.0855117201839872
"1476",1,2,0.0819928209922893
"2040",1,2,0.0819399225702738
"1738",1,2,0.0804506948820409
"807",1,2,0.079914834508751
"703",1,2,0.0793529183959695
"1432",1,2,0.0764446542438687
"1057",1,2,0.0744169517962319
"568",1,2,0.0743848793210837
"1583",1,2,0.0731126402785192
"635",1,2,0.0731062526448448
"131",1,2,0.072275539091855
"1817",1,2,0.0716023955281472
"429",1,2,0.0689403200532243
"622",1,2,0.0662138170092227
"1969",1,2,0.0661235391158387
"204",1,2,0.0639439508368403
"1060",1,2,0.0628351324154865
"562",1,2,0.0625830218155764
"1382",1,2,0.0611121112934977
"298",1,2,0.0609126015655985
"1941",1,2,0.0591825873455766
"1740",1,2,0.0590917366678571
"1915",1,2,0.0585852205308719
"1577",1,2,0.0579886325830358
"758",1,2,0.0559145147528228
"413",1,2,0.0549355755816269
"433",1,2,0.0524345726543941
"878",1,2,0.0512406301891051
"299",1,2,0.0510119688196725
"1192",1,2,0.0501276233056388
"922",1,2,0.0495231976855089
"525",1,2,0.0493134785697884
"154",1,2,0.0492751132603053
"1895",1,2,0.0491318871449982
"1954",1,2,0.0490500117134959
"1184",1,2,0.0478061079376114
"53",1,2,0.0474274781457035
"455",1,2,0.046401363171004
"676",1,2,0.0463608650579892
"578",1,2,0.0455322293898702
"67",1,2,0.0452655282741227
"1325",1,2,0.0435923685008293
"1784",1,2,0.041858342819165
"561",1,2,0.0367253275140623
"325",1,2,0.0366100436697636
"844",1,2,0.0358722202839793
"1897",1,2,0.0336087074607263
"887",1,2,0.0327649002317125
"287",1,2,0.0315278728410102
"1091",1,2,0.0298651516284031
"1403",1,2,0.0287791071301463
"885",1,2,0.0248873034618874
"1933",1,2,0.0239601524028817
"1446",1,2,0.0168698780896431
"1357",1,2,0.0159983866126936
"1742",1,2,0.015888838867915
"912",1,2,0.0111310350557583
"59",1,2,0.0104133261155671
"1986",1,2,0.00889481855048224
"1804",1,2,0.00840954754770329
"1365",1,2,0.00807379904888861
"1494",1,2,0.00779970198964475
"1924",1,2,0.0066709130834699
"1896",1,2,0.00630794292917747
"1555",1,2,0.00241711979058301
"1400",1,2,0.00179755544043358
"1366",1,2,-0.00122219497745346
"309",1,2,-0.00668185716248038
"61",1,2,-0.00728505969861537
"1094",1,2,-0.0147642467054879
"314",1,2,-0.0187792423870913
"166",1,2,-0.0205176815506504
"1090",1,2,-0.0217816427860378
"452",1,2,-0.0312964576244948
"536",1,2,-0.0334833126007403
"1719",1,2,-0.03580531038373
"255",1,2,-0.0436133728790296
"1807",1,2,-0.0437088813020461
"1550",1,2,-0.0552671022134977
"776",1,2,-0.0625618934298864
"1968",1,2,-0.0783466406644411
"290",1,2,-0.0843678673958796
"849",1,2,-0.104498116397033
"1315",2,1,0.474107314548064
"808",2,1,0.470755922622945
"853",2,1,0.463298800586436
"803",2,1,0.459606468553583
"1559",2,1,0.457257991378603
"1574",2,1,0.455644464874744
"1593",2,1,0.455582107280127
"728",2,1,0.45449502577267
"866",2,1,0.45213820098032
"1329",2,1,0.451512520866012
"1657",2,1,0.450206946195182
"1636",2,1,0.448420792965864
"1619",2,1,0.448265651333048
"1624",2,1,0.448033868439306
"1394",2,1,0.446869352103067
"1330",2,1,0.445859842923612
"1303",2,1,0.445729363216037
"1540",2,1,0.445414392358283
"828",2,1,0.445120876042516
"865",2,1,0.444014387764899
"1362",2,1,0.443911136628206
"1537",2,1,0.443725301290476
"664",2,1,0.442881992561103
"585",2,1,0.442679960134481
"1334",2,1,0.442091963692404
"1367",2,1,0.442040275024469
"1573",2,1,0.441986791531841
"1341",2,1,0.441781130005309
"1318",2,1,0.44164772331573
"1616",2,1,0.441606874327272
"1356",2,1,0.440973241340714
"1652",2,1,0.44025345078218
"1316",2,1,0.439790468905734
"509",2,1,0.439657917870765
"768",2,1,0.439252128008027
"1645",2,1,0.438954832106658
"1592",2,1,0.437590090931954
"1620",2,1,0.437152211723986
"843",2,1,0.435658258750659
"618",2,1,0.435223134567219
"831",2,1,0.434862873054455
"1637",2,1,0.43465394809298
"630",2,1,0.433746303632884
"862",2,1,0.432876287267069
"1291",2,1,0.432799519625752
"1328",2,1,0.432287297443721
"1333",2,1,0.431913148337547
"1342",2,1,0.431139431201001
"658",2,1,0.430870897890849
"597",2,1,0.429663103401875
"824",2,1,0.429527239357784
"1348",2,1,0.429045524404313
"1654",2,1,0.428165421985608
"1681",2,1,0.427908645470549
"1535",2,1,0.427701622474879
"1644",2,1,0.427260300764371
"1024",2,1,0.427219876540074
"1642",2,1,0.426291333956989
"1571",2,1,0.426230163255043
"1293",2,1,0.425747217826652
"816",2,1,0.425297035128274
"1326",2,1,0.424830063343126
"1626",2,1,0.424678154174892
"1119",2,1,0.424582141738205
"1327",2,1,0.424008014040885
"341",2,1,0.423218318424664
"1551",2,1,0.422890761520903
"1704",2,1,0.422708567322028
"1699",2,1,0.422259153709383
"1706",2,1,0.421965790176124
"1320",2,1,0.42194044805967
"1285",2,1,0.421673800245401
"1610",2,1,0.421495502740072
"1125",2,1,0.421169836348741
"661",2,1,0.421164362903354
"1313",2,1,0.42110084635201
"1121",2,1,0.421047533814274
"1632",2,1,0.421027456833543
"614",2,1,0.420637769539976
"908",2,1,0.419969927035929
"1705",2,1,0.419766241562016
"1307",2,1,0.419704675718875
"857",2,1,0.419205455515813
"615",2,1,0.418853353590437
"869",2,1,0.41865203868891
"1622",2,1,0.418161762273657
"1484",2,1,0.41787398374667
"1591",2,1,0.417354679852039
"1629",2,1,0.416659372232973
"1627",2,1,0.416324924248281
"846",2,1,0.416055666078665
"604",2,1,0.415435259909967
"584",2,1,0.415283154982091
"1536",2,1,0.415209862940583
"833",2,1,0.415094052033597
"1304",2,1,0.414572326008233
"1337",2,1,0.413921468714369
"825",2,1,0.41382668562378
"1700",2,1,0.413764426676366
"1378",2,1,0.413665703883158
"573",2,1,0.413466864756042
"1339",2,1,0.413200524917586
"1288",2,1,0.411687936794792
"1372",2,1,0.411511665373386
"893",2,1,0.410893912634413
"1332",2,1,0.410700647600916
"1538",2,1,0.410683702850006
"1628",2,1,0.410584872789972
"1609",2,1,0.410491284783746
"1335",2,1,0.410395094450392
"218",2,1,0.410280356190214
"804",2,1,0.409837434188361
"997",2,1,0.408761712414186
"1309",2,1,0.408617050059757
"620",2,1,0.408004949591229
"785",2,1,0.407820126953386
"1566",2,1,0.407634900434014
"1729",2,1,0.407480101514003
"1572",2,1,0.407446838306945
"1568",2,1,0.407393447128978
"1122",2,1,0.407230070533198
"607",2,1,0.407172070988822
"1310",2,1,0.407033520138264
"1263",2,1,0.406793201342263
"1296",2,1,0.406601976640067
"619",2,1,0.406026727243182
"724",2,1,0.405618633912945
"740",2,1,0.405068247611192
"1068",2,1,0.405022874178121
"603",2,1,0.405015151940395
"1132",2,1,0.403796205840327
"848",2,1,0.403360155978611
"357",2,1,0.402993138713935
"596",2,1,0.402383553658637
"1127",2,1,0.402017103682325
"1037",2,1,0.401984777939306
"792",2,1,0.401833502078745
"1273",2,1,0.401656187539885
"1370",2,1,0.401539174763064
"826",2,1,0.401284836087714
"1690",2,1,0.401181622165853
"1564",2,1,0.401153661003187
"363",2,1,0.400576253272574
"1659",2,1,0.400396793193341
"1549",2,1,0.399663307894655
"1614",2,1,0.399368596230544
"814",2,1,0.39846260561659
"1688",2,1,0.398237180135589
"860",2,1,0.397291126724226
"1633",2,1,0.396933585205949
"1701",2,1,0.396869027949815
"903",2,1,0.396141577760136
"1380",2,1,0.395341619221913
"765",2,1,0.395214323842672
"1373",2,1,0.394887176514807
"1562",2,1,0.394870627777524
"1317",2,1,0.394633862787851
"859",2,1,0.394326859447235
"1294",2,1,0.393544825283572
"662",2,1,0.392950177273215
"1696",2,1,0.392881204025347
"1618",2,1,0.392780572509281
"78",2,1,0.392766068693132
"592",2,1,0.392565500933989
"387",2,1,0.392539021389254
"278",2,1,0.392335527924073
"310",2,1,0.39195890559646
"1597",2,1,0.391823923862056
"1649",2,1,0.391804919746037
"666",2,1,0.391740240348397
"1379",2,1,0.39149782503553
"1054",2,1,0.391353681750141
"1276",2,1,0.391338909833841
"1641",2,1,0.391202574961092
"1731",2,1,0.391190404473701
"608",2,1,0.391112654675704
"1253",2,1,0.391003203336284
"1459",2,1,0.390694760679031
"1523",2,1,0.390675112050824
"1542",2,1,0.389940257659523
"1170",2,1,0.389838800703995
"779",2,1,0.389339480004949
"830",2,1,0.388955922633435
"300",2,1,0.388889923735031
"1595",2,1,0.388443196592931
"1709",2,1,0.388030385337217
"516",2,1,0.387615766453492
"1345",2,1,0.387547998522057
"611",2,1,0.387353548533515
"1522",2,1,0.386823077578039
"856",2,1,0.386752628505983
"930",2,1,0.386460241066039
"1683",2,1,0.386448777893907
"1546",2,1,0.385407469668259
"1289",2,1,0.385152121702796
"1298",2,1,0.385021018277566
"1615",2,1,0.384944202124876
"1728",2,1,0.384494852749601
"1521",2,1,0.384485252327279
"361",2,1,0.384171076409444
"1570",2,1,0.383107481251925
"616",2,1,0.382623662467098
"613",2,1,0.381787328673141
"277",2,1,0.381659207315777
"652",2,1,0.381073571289608
"840",2,1,0.380875395608324
"1752",2,1,0.380862075941371
"1602",2,1,0.38084016783017
"1724",2,1,0.380750691672353
"1065",2,1,0.380746084167071
"1713",2,1,0.380638405691948
"769",2,1,0.380613758908702
"410",2,1,0.38053010007244
"1254",2,1,0.380326367430402
"1066",2,1,0.380284698670922
"368",2,1,0.380128864908625
"818",2,1,0.379981918603247
"761",2,1,0.379693595251242
"1067",2,1,0.379655910174552
"656",2,1,0.379646381363025
"297",2,1,0.379486663390577
"1377",2,1,0.378958792790546
"891",2,1,0.378558463002394
"815",2,1,0.378479721590139
"1002",2,1,0.377993453415277
"1702",2,1,0.377892266583714
"214",2,1,0.377284298502668
"784",2,1,0.377104168321717
"1270",2,1,0.376910955566788
"995",2,1,0.376883984340111
"1055",2,1,0.376776824762775
"170",2,1,0.376761973315786
"213",2,1,0.376745614895065
"111",2,1,0.376296985197261
"926",2,1,0.376295090896269
"1707",2,1,0.375843074224636
"252",2,1,0.375372335955189
"1386",2,1,0.375262254260095
"978",2,1,0.374942171909913
"621",2,1,0.374379982676367
"344",2,1,0.373992018235799
"1651",2,1,0.373785869056274
"1677",2,1,0.373238459766992
"864",2,1,0.372659455494793
"839",2,1,0.372172010337934
"1547",2,1,0.371835224259564
"1113",2,1,0.371598180890798
"1108",2,1,0.371417033820543
"762",2,1,0.371220796157433
"179",2,1,0.371121061543677
"75",2,1,0.37047720229112
"1722",2,1,0.37047184488349
"806",2,1,0.370175250574302
"655",2,1,0.370089467262776
"1343",2,1,0.369754643168923
"821",2,1,0.369549113659736
"508",2,1,0.369482740707579
"281",2,1,0.369436495685411
"1678",2,1,0.369340818565325
"1064",2,1,0.368976861659381
"1112",2,1,0.36891779510814
"1102",2,1,0.368773157249883
"653",2,1,0.368590554442729
"1608",2,1,0.368585615452981
"484",2,1,0.368584919851013
"529",2,1,0.368454872430752
"574",2,1,0.368375537952156
"980",2,1,0.368229596345302
"1120",2,1,0.368119816281231
"220",2,1,0.368044961305817
"1130",2,1,0.368030648025858
"1279",2,1,0.367556356586928
"1708",2,1,0.367554510537375
"982",2,1,0.367373126846885
"335",2,1,0.367196685918597
"95",2,1,0.366997912952364
"352",2,1,0.3667223774658
"924",2,1,0.366608282173217
"1613",2,1,0.366504223079722
"1601",2,1,0.366428813675836
"1369",2,1,0.365687233705007
"1278",2,1,0.365513679422159
"1760",2,1,0.365047120577585
"169",2,1,0.364575834938217
"94",2,1,0.364394423023373
"1798",2,1,0.364227049317164
"1749",2,1,0.364204784556252
"1638",2,1,0.363961521279948
"993",2,1,0.363717101978922
"1612",2,1,0.363510196250108
"1665",2,1,0.363187487606289
"950",2,1,0.363039994079006
"211",2,1,0.36280078331977
"1269",2,1,0.362644387540034
"1039",2,1,0.362435858398383
"910",2,1,0.362123271944528
"362",2,1,0.361932095486776
"1686",2,1,0.36164660417527
"1131",2,1,0.361604137012551
"1623",2,1,0.361372133659328
"667",2,1,0.36105050991033
"842",2,1,0.361012431893911
"1384",2,1,0.36065714554041
"265",2,1,0.360562192143349
"1530",2,1,0.360168640275177
"1617",2,1,0.360089657603686
"955",2,1,0.360011128098216
"1634",2,1,0.359934795440536
"1338",2,1,0.359733869175444
"1109",2,1,0.359116075129502
"1646",2,1,0.359089682956162
"953",2,1,0.359029416795507
"909",2,1,0.358931407061797
"1099",2,1,0.35869174545047
"377",2,1,0.358682348522015
"1826",2,1,0.358674777842292
"1301",2,1,0.358655824217123
"243",2,1,0.358606028453007
"663",2,1,0.358204892034075
"918",2,1,0.358193516214204
"1404",2,1,0.357967027958796
"771",2,1,0.357028929184064
"1727",2,1,0.356938148940396
"960",2,1,0.356283535660925
"841",2,1,0.356180328402812
"827",2,1,0.356092830380027
"1118",2,1,0.355517401000854
"956",2,1,0.355334064784073
"949",2,1,0.355026029984705
"223",2,1,0.354979459483922
"244",2,1,0.354710239046789
"1004",2,1,0.354708380028689
"600",2,1,0.354137217675744
"1650",2,1,0.353992031010788
"813",2,1,0.353819771054998
"929",2,1,0.35379012955527
"1765",2,1,0.353597155047091
"1648",2,1,0.353488677159828
"1123",2,1,0.353353474727579
"809",2,1,0.352902159001368
"1565",2,1,0.352632653721816
"1753",2,1,0.352491250926712
"1061",2,1,0.352472013536425
"996",2,1,0.352390775141156
"855",2,1,0.352279817444877
"1021",2,1,0.351853229786939
"575",2,1,0.351802125003823
"1557",2,1,0.351462920041288
"938",2,1,0.35104487158949
"850",2,1,0.350755933990338
"225",2,1,0.350646474421265
"1640",2,1,0.350379019848274
"1252",2,1,0.350343063727038
"609",2,1,0.35024584440176
"1020",2,1,0.350153184720765
"987",2,1,0.350007487349561
"1734",2,1,0.349532252851192
"773",2,1,0.34944402678879
"301",2,1,0.349391688686659
"1569",2,1,0.349316876524454
"1107",2,1,0.349220520199905
"1001",2,1,0.348659660345633
"1053",2,1,0.348630399796308
"1026",2,1,0.348599919078637
"775",2,1,0.347285330055265
"1611",2,1,0.347218506371391
"602",2,1,0.347013143008427
"723",2,1,0.34673832372754
"819",2,1,0.346535108496838
"837",2,1,0.346447537839219
"1344",2,1,0.346025381445257
"1051",2,1,0.344349749787246
"112",2,1,0.344000728658155
"1116",2,1,0.342680861001635
"1667",2,1,0.342468589608499
"1361",2,1,0.341940002145885
"572",2,1,0.34162751562537
"975",2,1,0.341305108510827
"1764",2,1,0.341201795167252
"1750",2,1,0.340855169558405
"1110",2,1,0.340811617699229
"1653",2,1,0.339951283373261
"134",2,1,0.339889626898095
"224",2,1,0.339390675418395
"1762",2,1,0.339032801590332
"972",2,1,0.339027391028098
"899",2,1,0.338930366247245
"854",2,1,0.338730573101321
"1720",2,1,0.33866936269936
"1405",2,1,0.338200073384361
"1746",2,1,0.338120124611199
"1735",2,1,0.337690634629953
"1128",2,1,0.337059664360385
"685",2,1,0.336798020675043
"999",2,1,0.336605947970354
"364",2,1,0.336474244269638
"811",2,1,0.336096860843902
"1287",2,1,0.335542611422599
"651",2,1,0.335515699725338
"140",2,1,0.335045218469704
"1098",2,1,0.33503962022546
"1558",2,1,0.334772797181764
"981",2,1,0.334524642129172
"1190",2,1,0.334161759142362
"612",2,1,0.33413091289397
"1748",2,1,0.33374647899981
"1210",2,1,0.333308245441055
"822",2,1,0.333131355080843
"313",2,1,0.332693678288821
"196",2,1,0.332684920005793
"286",2,1,0.332609135470032
"358",2,1,0.33249187935821
"904",2,1,0.332254888111923
"631",2,1,0.332114374660643
"174",2,1,0.331988121351109
"1114",2,1,0.33184232069706
"961",2,1,0.331633049986861
"1346",2,1,0.330960270563946
"832",2,1,0.330919416832469
"1364",2,1,0.330738517218381
"490",2,1,0.330348162269105
"1695",2,1,0.32974928541434
"1710",2,1,0.328670009762209
"632",2,1,0.328651908407245
"939",2,1,0.328543038966389
"160",2,1,0.328206023580809
"1003",2,1,0.327740468447482
"283",2,1,0.327501021908377
"1855",2,1,0.327205188327938
"296",2,1,0.327166403047623
"760",2,1,0.327111555665667
"1703",2,1,0.326940471287752
"1721",2,1,0.326889492582021
"897",2,1,0.326806050507859
"1663",2,1,0.32623155701221
"954",2,1,0.326049558817877
"209",2,1,0.32561641951143
"1059",2,1,0.325541653111817
"1675",2,1,0.324886155871899
"920",2,1,0.324841360880078
"206",2,1,0.324205022904717
"360",2,1,0.323944775907632
"759",2,1,0.323851756227727
"2036",2,1,0.323803492541075
"1527",2,1,0.323210696608774
"1767",2,1,0.323200215122624
"1392",2,1,0.322824071309122
"1656",2,1,0.322670323307765
"1398",2,1,0.32263052194075
"1758",2,1,0.322136671980472
"976",2,1,0.321966631604966
"1544",2,1,0.321895354527394
"1204",2,1,0.321084073849692
"216",2,1,0.320999016037243
"894",2,1,0.320750393126154
"454",2,1,0.320746215812046
"1005",2,1,0.320685185198365
"1545",2,1,0.320459039908554
"820",2,1,0.320386092728273
"349",2,1,0.320356706624988
"1058",2,1,0.320039052763712
"896",2,1,0.319677388128281
"1095",2,1,0.319185410274219
"1689",2,1,0.319142321233156
"1324",2,1,0.31912874938007
"774",2,1,0.319092628879737
"199",2,1,0.318063201535418
"312",2,1,0.317451245360916
"847",2,1,0.317329280875752
"962",2,1,0.317216610908544
"1104",2,1,0.316882992690385
"1016",2,1,0.316440851104221
"1747",2,1,0.316125180478616
"76",2,1,0.315859521755958
"1044",2,1,0.315801795282982
"1726",2,1,0.315726029952135
"1097",2,1,0.315714658092656
"1714",2,1,0.3155357437568
"1717",2,1,0.315476914957031
"1669",2,1,0.315274637849252
"369",2,1,0.314415130968834
"1264",2,1,0.313996717263146
"1684",2,1,0.313666317836371
"156",2,1,0.313429027338797
"397",2,1,0.313391606366159
"237",2,1,0.312300162438708
"1604",2,1,0.311249811074819
"141",2,1,0.310725987908036
"205",2,1,0.310438041882264
"979",2,1,0.310338392174226
"191",2,1,0.310278689512574
"992",2,1,0.310230191220289
"258",2,1,0.309643696212572
"1730",2,1,0.308900972767301
"1347",2,1,0.308827009368749
"1266",2,1,0.308624129274291
"738",2,1,0.308064298477001
"648",2,1,0.308028519120843
"1590",2,1,0.307303196051063
"817",2,1,0.3064890435817
"958",2,1,0.306411519436485
"863",2,1,0.305486086282771
"921",2,1,0.305370634134318
"1575",2,1,0.303967381073864
"215",2,1,0.303014374502702
"805",2,1,0.30295547713478
"1599",2,1,0.302247502929747
"626",2,1,0.302225694759551
"1034",2,1,0.301891171110705
"1321",2,1,0.301443772569657
"1164",2,1,0.301399386506691
"1679",2,1,0.300385682418254
"1194",2,1,0.300353221030555
"1685",2,1,0.299734404926759
"1071",2,1,0.299254196330996
"1515",2,1,0.299188168943261
"650",2,1,0.299107202078442
"1676",2,1,0.297423123532038
"1280",2,1,0.297087490312345
"1647",2,1,0.29588746546957
"617",2,1,0.295852753199054
"1639",2,1,0.295837986587654
"1825",2,1,0.295527314506171
"1698",2,1,0.295405304968233
"248",2,1,0.29532028625175
"1509",2,1,0.29519292141845
"1106",2,1,0.294924993967671
"919",2,1,0.294520603550789
"1600",2,1,0.293953322074244
"965",2,1,0.293509716846873
"790",2,1,0.293361681639971
"93",2,1,0.292419205135112
"1355",2,1,0.291762519760097
"1070",2,1,0.291062712818666
"254",2,1,0.290194597177993
"1643",2,1,0.28910614763601
"994",2,1,0.289070437943472
"150",2,1,0.288772456194766
"437",2,1,0.288711922183509
"1718",2,1,0.288667458997927
"422",2,1,0.288576923286885
"178",2,1,0.288071136439753
"353",2,1,0.287847808996032
"110",2,1,0.287690998238422
"1103",2,1,0.287528534954395
"1275",2,1,0.286312485516957
"151",2,1,0.286297319473022
"1408",2,1,0.285917509219033
"1556",2,1,0.285760596409232
"1605",2,1,0.285753049863321
"974",2,1,0.285107949881784
"1274",2,1,0.285074998435951
"1586",2,1,0.28485327157042
"373",2,1,0.284782698449756
"963",2,1,0.284499947518905
"1672",2,1,0.284281099562283
"80",2,1,0.284066812539238
"1093",2,1,0.284036759466022
"1092",2,1,0.284026144240937
"1111",2,1,0.283716805415808
"952",2,1,0.282911904351061
"180",2,1,0.28244899551864
"2008",2,1,0.282441175607669
"1561",2,1,0.2822327759509
"888",2,1,0.281739924445985
"907",2,1,0.281402314634011
"382",2,1,0.280738583022938
"1670",2,1,0.280403019049996
"203",2,1,0.280289054088776
"261",2,1,0.280033457312931
"1183",2,1,0.279824069960831
"638",2,1,0.279489414539367
"267",2,1,0.279361071250899
"1828",2,1,0.279093488255143
"1336",2,1,0.278952890846178
"247",2,1,0.278921912539648
"238",2,1,0.278201307660996
"1359",2,1,0.278036944605016
"77",2,1,0.276974394337421
"1810",2,1,0.274993817782354
"1766",2,1,0.274673856405099
"829",2,1,0.27338384585967
"1733",2,1,0.273007953464097
"1594",2,1,0.273000102152609
"977",2,1,0.272921248778919
"1081",2,1,0.272918403579243
"1033",2,1,0.271145227449165
"256",2,1,0.270619065389279
"1827",2,1,0.270462714186563
"506",2,1,0.270120021772085
"1105",2,1,0.269435366497785
"446",2,1,0.268874981356067
"235",2,1,0.268735029733794
"239",2,1,0.268656198871971
"991",2,1,0.267621436290054
"88",2,1,0.267584293793174
"1660",2,1,0.266734336445137
"937",2,1,0.266097604713791
"1129",2,1,0.265773075670525
"973",2,1,0.265680250395123
"1268",2,1,0.264944239907025
"1010",2,1,0.26439649713688
"895",2,1,0.264038564120534
"1036",2,1,0.263229855181983
"1803",2,1,0.262717353214568
"1820",2,1,0.262574912823667
"1668",2,1,0.262124144694192
"1824",2,1,0.261505568374053
"906",2,1,0.26029331396152
"1290",2,1,0.260144477214163
"1687",2,1,0.258209694061521
"401",2,1,0.257927775595145
"1323",2,1,0.257806152657675
"478",2,1,0.257763334685026
"1694",2,1,0.257710365662811
"1312",2,1,0.257427483585055
"1518",2,1,0.256339837728214
"1723",2,1,0.256277693234975
"354",2,1,0.255896997197833
"1531",2,1,0.255602133146557
"89",2,1,0.255418534025837
"914",2,1,0.255118398540517
"1272",2,1,0.254936319905361
"374",2,1,0.254115634609436
"1158",2,1,0.253643372812187
"1823",2,1,0.252812031944904
"898",2,1,0.252671902081937
"389",2,1,0.252504713933824
"165",2,1,0.252325309505168
"1169",2,1,0.252195965384968
"1042",2,1,0.251936793825434
"55",2,1,0.250667835327044
"1040",2,1,0.250086615198418
"158",2,1,0.249986113921603
"60",2,1,0.249826097197382
"1732",2,1,0.248920644123502
"730",2,1,0.247907672933541
"86",2,1,0.247715622803289
"1017",2,1,0.247639107891249
"1167",2,1,0.247223125104497
"876",2,1,0.245846906708202
"971",2,1,0.245703174316953
"1520",2,1,0.245474991796991
"1693",2,1,0.24526582181931
"1582",2,1,0.24509716327069
"113",2,1,0.245071754026275
"184",2,1,0.244662927640335
"90",2,1,0.244638080106717
"1191",2,1,0.244510060465252
"880",2,1,0.243270927485795
"264",2,1,0.242557486493728
"482",2,1,0.242165331597137
"98",2,1,0.242021690294172
"153",2,1,0.241367816999173
"951",2,1,0.240503047903878
"867",2,1,0.240133724630688
"905",2,1,0.240065733229255
"2001",2,1,0.239393332405348
"530",2,1,0.239344503379776
"540",2,1,0.239103244708933
"645",2,1,0.238372561793207
"1223",2,1,0.237623594017686
"2003",2,1,0.237612057499389
"1666",2,1,0.23760693036105
"700",2,1,0.237355542395544
"181",2,1,0.235839219642495
"485",2,1,0.235608764974232
"73",2,1,0.235175473402723
"1188",2,1,0.234384942895633
"2022",2,1,0.234366966310057
"84",2,1,0.23384194011821
"51",2,1,0.233742500887708
"259",2,1,0.23372644281165
"1837",2,1,0.232477659119896
"52",2,1,0.232268705603824
"365",2,1,0.231619597373466
"116",2,1,0.230545621671456
"851",2,1,0.230543794288814
"957",2,1,0.230506610425939
"175",2,1,0.230287857523826
"1806",2,1,0.228970746213878
"1425",2,1,0.226012062926354
"697",2,1,0.226009706897946
"1953",2,1,0.225920815760137
"295",2,1,0.22591144160532
"350",2,1,0.225061094926831
"988",2,1,0.225015112876448
"501",2,1,0.223587726487295
"1739",2,1,0.222370987198173
"1409",2,1,0.221999571090689
"250",2,1,0.221997253720002
"917",2,1,0.220377729552029
"984",2,1,0.219628049303314
"1997",2,1,0.218501222832142
"554",2,1,0.218083796941513
"245",2,1,0.217635340762205
"1988",2,1,0.217174264913585
"649",2,1,0.217141087666934
"1976",2,1,0.214643048846023
"128",2,1,0.213323443440877
"538",2,1,0.213306834220863
"145",2,1,0.212564573646913
"127",2,1,0.211828109824176
"900",2,1,0.211525452985636
"200",2,1,0.211263677934112
"408",2,1,0.210126306779337
"1534",2,1,0.209929153211379
"1063",2,1,0.209565482611204
"1805",2,1,0.208957195725667
"138",2,1,0.208659190890525
"418",2,1,0.208222678114752
"1934",2,1,0.206900071842426
"967",2,1,0.206242675709957
"74",2,1,0.206175466918331
"852",2,1,0.206135397437619
"710",2,1,0.204629937489776
"647",2,1,0.203437851013548
"646",2,1,0.202913727767046
"280",2,1,0.202431924654998
"152",2,1,0.200564893956587
"82",2,1,0.200445210069137
"464",2,1,0.200343242775758
"990",2,1,0.200339620648212
"323",2,1,0.200230414902542
"1576",2,1,0.200219204331784
"764",2,1,0.200034780857983
"269",2,1,0.19984188006543
"450",2,1,0.198958063278156
"1374",2,1,0.198124677328634
"2014",2,1,0.197477780956241
"794",2,1,0.197332029070636
"221",2,1,0.197201533554135
"188",2,1,0.196559268926114
"497",2,1,0.196397980920611
"1096",2,1,0.196224920440119
"892",2,1,0.196033234778262
"83",2,1,0.195791191334246
"54",2,1,0.195138564401235
"884",2,1,0.194972225399895
"163",2,1,0.194599283469821
"1271",2,1,0.192856481044554
"342",2,1,0.192394765201934
"1673",2,1,0.190215193317682
"1516",2,1,0.188951124836469
"1014",2,1,0.188730716773472
"845",2,1,0.187191085734835
"1449",2,1,0.187060055646293
"1052",2,1,0.186829670218882
"1852",2,1,0.186597140602815
"1448",2,1,0.184409624987756
"1901",2,1,0.183847078201737
"270",2,1,0.183748886405726
"1500",2,1,0.183121123833322
"783",2,1,0.179406596894349
"902",2,1,0.177742873718125
"1987",2,1,0.176912157543871
"2021",2,1,0.176586357789844
"711",2,1,0.176276205478084
"969",2,1,0.176140875917122
"210",2,1,0.174501265033207
"543",2,1,0.174365998249791
"2013",2,1,0.17395205654213
"1800",2,1,0.173644898772277
"1412",2,1,0.173477248406384
"431",2,1,0.173436942941483
"305",2,1,0.173238398743091
"1502",2,1,0.172815330553464
"1692",2,1,0.172446983426374
"1560",2,1,0.171787159120295
"1580",2,1,0.171238415324392
"1495",2,1,0.170699712843939
"901",2,1,0.170440349727928
"1267",2,1,0.170409359565666
"547",2,1,0.169881440429866
"173",2,1,0.166368743021776
"395",2,1,0.165122127144586
"889",2,1,0.164651108692353
"535",2,1,0.163489328869698
"1011",2,1,0.161595619397045
"925",2,1,0.160720136605105
"1308",2,1,0.15879630719962
"539",2,1,0.158469164237253
"118",2,1,0.156918641082232
"1506",2,1,0.155944270122762
"1305",2,1,0.155797943754013
"788",2,1,0.15448830047719
"1526",2,1,0.153878039197063
"240",2,1,0.153294212531788
"1340",2,1,0.151906172049556
"587",2,1,0.150193713430401
"1967",2,1,0.149408639451168
"292",2,1,0.148191274983607
"877",2,1,0.147896305676476
"1662",2,1,0.147603270349903
"780",2,1,0.146180122965217
"1532",2,1,0.146055827280025
"1894",2,1,0.14427057731014
"1168",2,1,0.141324825208646
"778",2,1,0.140941135175888
"380",2,1,0.140504894489902
"207",2,1,0.139861258327931
"415",2,1,0.138476833308283
"989",2,1,0.138338591246876
"262",2,1,0.13815101643667
"242",2,1,0.13797359263373
"449",2,1,0.137927542680849
"436",2,1,0.136946585138671
"1299",2,1,0.136765713636519
"1375",2,1,0.136733950578536
"517",2,1,0.136259780589414
"488",2,1,0.135762222435231
"883",2,1,0.134763563074134
"379",2,1,0.134726746998825
"476",2,1,0.133068384666521
"356",2,1,0.131615701158164
"1512",2,1,0.130001905821248
"789",2,1,0.129375859033574
"1697",2,1,0.128683782289304
"911",2,1,0.127852246496733
"1809",2,1,0.125431493320264
"137",2,1,0.125330405924951
"1780",2,1,0.125255962088782
"1350",2,1,0.124388219800241
"99",2,1,0.123365634883996
"168",2,1,0.118640307807469
"946",2,1,0.117364574359674
"1062",2,1,0.116325431473364
"1581",2,1,0.115857771093486
"757",2,1,0.11551291260885
"890",2,1,0.115457798053079
"1162",2,1,0.113216754794468
"736",2,1,0.113186175571017
"527",2,1,0.112503212592844
"1808",2,1,0.110941466597574
"355",2,1,0.110635405904661
"1763",2,1,0.110515236299349
"1195",2,1,0.110322002769928
"1781",2,1,0.108958224702096
"1277",2,1,0.10872317237021
"2033",2,1,0.107760103110772
"1499",2,1,0.107495858465792
"1625",2,1,0.107144303118148
"337",2,1,0.106909362475523
"515",2,1,0.10634598572027
"1434",2,1,0.105917959111262
"491",2,1,0.10183335365194
"457",2,1,0.101277107171286
"407",2,1,0.100565239757857
"1842",2,1,0.099865838135019
"1013",2,1,0.0987766273774681
"1443",2,1,0.0961392403147093
"2009",2,1,0.0938531554130677
"500",2,1,0.0931076829584351
"915",2,1,0.0912791040402718
"1354",2,1,0.0901660312497843
"284",2,1,0.0894572335862325
"1151",2,1,0.0893947593890388
"941",2,1,0.0885676239414123
"1971",2,1,0.0873870224420729
"1745",2,1,0.0868338177590637
"322",2,1,0.0867450506183189
"1383",2,1,0.0851134573773412
"273",2,1,0.0836356125769701
"1900",2,1,0.0819866372635318
"985",2,1,0.08057121308618
"1160",2,1,0.0783526127534558
"56",2,1,0.0778718237816749
"1196",2,1,0.0776404169092593
"1513",2,1,0.0774570782858492
"69",2,1,0.07665860439232
"1931",2,1,0.076645140204806
"1023",2,1,0.0763317947920784
"1149",2,1,0.0762947682106951
"1902",2,1,0.0734035759770499
"400",2,1,0.0707653629560602
"916",2,1,0.0684152210141951
"1430",2,1,0.0672023681940442
"552",2,1,0.0666749845427538
"1578",2,1,0.0643886578721201
"586",2,1,0.0619591694440317
"159",2,1,0.0606345868075984
"1498",2,1,0.0590006486880413
"1949",2,1,0.0557292161657168
"1501",2,1,0.0541099709527465
"1019",2,1,0.0536521445819306
"1939",2,1,0.0529371040809428
"1588",2,1,0.0519372970085661
"1921",2,1,0.0508423593372656
"1265",2,1,0.0507701541526926
"68",2,1,0.0503237378726092
"1471",2,1,0.0492752650036001
"447",2,1,0.0484676025047707
"1431",2,1,0.0480385583925653
"1524",2,1,0.0472841048883551
"130",2,1,0.0471991164675483
"606",2,1,0.0437174373980692
"438",2,1,0.0430536269511369
"1198",2,1,0.0415612557030488
"2004",2,1,0.0395431452459268
"1371",2,1,0.0393236361566218
"1773",2,1,0.0380951344440067
"120",2,1,0.038004536575474
"1543",2,1,0.0368172755146625
"550",2,1,0.0356982492402159
"1893",2,1,0.0347629119805073
"1227",2,1,0.0331949438422401
"1774",2,1,0.0324093311246239
"63",2,1,0.0250020303310022
"453",2,1,0.023101470909185
"442",2,1,0.0136045166381318
"308",2,1,0.00685177944480797
"1744",2,1,0.00212949704500787
"426",2,1,0.000106861525748903
"1736",2,1,-0.00749004773870565
"1951",2,1,-0.0120227243727101
"968",2,1,-0.021615324339036
"1779",2,1,-0.0241686245854291
"432",2,1,-0.0308028347437037
"1212",2,1,-0.033110557942356
"1776",2,1,-0.0386683371708566
"1770",2,1,-0.0398710688252255
"417",2,1,-0.0454212609208849
"1778",2,1,-0.0487147238501513
"404",2,1,-0.050298722107204
